Eddie,Agyeman,agyegrandie@gmail.com
Dominika ,Dullek,dominikadullek95@hotmail.com
Richard,Boateng,boatengr19@gmail.com
Mason ,Eve,masoneve23@gmail.com
Ivanka,Weerakkody,ivanka.weerakkody2344@gmail.com
Ibrahim,Sulemana,kalibradus26@gmail.com
